,uf,qtd_beneficiarios
26,SP,26894
19,RJ,25970
11,MG,11919
23,RS,10873
18,PR,7479
6,DF,7410
16,PE,4879
24,SC,4751
4,BA,4436
5,CE,3544
15,PB,3488
14,PA,2970
9,GO,2653
20,RN,2537
12,MS,1761
13,MT,1640
7,ES,1513
2,AM,1491
25,SE,1404
10,MA,1233
1,AL,1087
17,PI,1045
27,TO,615
8,Exterior,608
21,RO,468
22,RR,282
0,AC,270
3,AP,242
